Product_ID,Product_Name,Category,Sub_Category,Brand,Cost_Price,Selling_Price,Launch_Date,Discontinued_Flag,Weight_KG
100,Product_100,Technology,A,BrandY,175.39,1660.74,2023-11-06,1,3.95
101,Product_101,Technology,C,BrandY,1780.36,2183.07,2022-06-29,1,3.95
102,Product_102,Technology,C,BrandX,294.66,4041.36,2022-11-25,1,3.44
103,Product_103,Office Supplies,A,BrandX,177.26,537.67,2021-03-10,0,5.7
104,Product_104,Furniture,D,BrandY,1147.86,4311.52,2022-02-15,1,1.73
105,Product_105,Office Supplies,A,BrandZ,1029.76,1624.67,2023-12-12,1,0.85
106,Product_106,Furniture,A,BrandZ,1007.91,107.11,2023-12-25,1,9.03
107,Product_107,Technology,D,BrandZ,1170.28,1247.38,2023-03-23,0,9.32
108,Product_108,Technology,B,BrandZ,609.76,538.55,2023-07-08,1,1.22
109,Product_109,Technology,C,BrandX,1342.75,552.69,2023-04-27,0,5.72
110,Product_110,Furniture,C,BrandY,1029.68,3494.9,2023-01-10,1,5.63
111,Product_111,Furniture,D,BrandZ,702.75,1148.48,2024-07-19,0,4.04
112,Product_112,Office Supplies,C,BrandX,1661.68,4680.24,2022-03-15,0,5.9
113,Product_113,Office Supplies,D,BrandX,1469.06,2630.58,2022-06-14,0,4.85
114,Product_114,Office Supplies,B,BrandX,817.54,2354.48,2022-12-31,1,5.15
115,Product_115,Technology,D,BrandY,1702.85,2227.99,2021-09-30,0,7.68
116,Product_116,Office Supplies,C,BrandX,1844.5,3493.68,2022-04-04,0,5.5
117,Product_117,Technology,C,BrandY,1096.89,2316.09,2023-03-31,0,3.57
118,Product_118,Furniture,D,BrandY,469.16,730.14,2024-04-11,0,6.02
119,Product_119,Technology,C,BrandY,1835.79,4412.84,2022-07-22,0,6.59
120,Product_120,Technology,D,BrandY,419.49,2199.14,2023-05-11,0,6.79
121,Product_121,Technology,C,BrandX,144.43,462.62,2022-05-12,0,6.37
122,Product_122,Furniture,A,BrandX,688.6,2693.89,2023-03-06,0,6.81
123,Product_123,Furniture,B,BrandX,1467.58,3272.0,2023-03-16,0,3.45
124,Product_124,Office Supplies,C,BrandZ,1850.38,1450.35,2024-01-01,1,4.74
125,Product_125,Office Supplies,C,BrandZ,1292.71,4021.67,2023-07-23,0,6.85
126,Product_126,Office Supplies,C,BrandY,1906.09,3381.9,2023-09-19,0,7.67
127,Product_127,Furniture,D,BrandY,230.12,3286.67,2023-04-20,0,4.62
128,Product_128,Furniture,C,BrandY,168.47,2162.04,2024-04-10,0,3.97
129,Product_129,Furniture,D,BrandY,1228.17,4813.38,2022-09-27,0,7.3
130,Product_130,Furniture,C,BrandY,1933.93,1443.53,2022-08-26,0,2.61
131,Product_131,Furniture,A,BrandZ,1030.31,2930.76,2023-01-06,0,0.59
132,Product_132,Technology,A,BrandY,150.45,1614.37,2024-08-08,1,4.98
133,Product_133,Office Supplies,B,BrandX,481.38,3749.54,2024-06-29,1,2.15
134,Product_134,Technology,D,BrandY,527.35,334.18,2024-12-03,1,4.09
135,Product_135,Office Supplies,B,BrandX,708.82,324.88,2023-09-18,0,3.27
136,Product_136,Technology,C,BrandX,135.03,4073.22,2022-01-02,0,7.88
137,Product_137,Furniture,C,BrandX,1814.54,2227.91,2021-09-13,1,3.65
138,Product_138,Office Supplies,A,BrandX,1055.35,1771.78,2022-03-16,1,6.59
139,Product_139,Technology,B,BrandY,1358.32,3076.88,2024-09-20,0,6.9
140,Product_140,Office Supplies,C,BrandY,180.99,3539.31,2022-03-11,0,4.84
141,Product_141,Furniture,C,BrandY,155.53,1085.89,2022-11-21,1,1.27
142,Product_142,Furniture,D,BrandY,1193.61,1008.61,2021-11-04,1,7.15
143,Product_143,Office Supplies,C,BrandY,1780.23,4794.94,2024-01-24,1,1.21
144,Product_144,Office Supplies,B,BrandZ,1080.54,2989.36,2022-02-13,1,1.44
145,Product_145,Furniture,A,BrandX,1761.75,2011.57,2023-04-06,0,2.36
146,Product_146,Furniture,A,BrandX,1631.43,4027.06,2024-04-06,1,3.16
147,Product_147,Furniture,C,BrandZ,197.91,2673.28,2021-03-28,1,8.54
148,Product_148,Technology,C,BrandZ,443.82,1284.15,2021-01-03,0,6.91
149,Product_149,Office Supplies,C,BrandY,1332.54,1113.0,2022-01-07,1,4.18
150,Product_150,Furniture,D,BrandY,914.83,2044.61,2022-10-04,1,9.8
151,Product_151,Office Supplies,C,BrandX,616.86,4313.49,2023-11-13,1,2.81
152,Product_152,Technology,C,BrandY,866.34,401.09,2021-04-08,0,6.29
153,Product_153,Technology,D,BrandX,918.14,1170.78,2022-11-01,0,8.55
154,Product_154,Furniture,B,BrandY,1825.58,4476.44,2021-11-17,1,8.12
155,Product_155,Office Supplies,D,BrandY,251.74,696.5,2022-06-18,0,1.36
156,Product_156,Technology,A,BrandX,595.47,3185.17,2023-03-31,0,7.12
157,Product_157,Office Supplies,D,BrandZ,1098.25,1146.21,2022-01-02,1,2.95
158,Product_158,Office Supplies,D,BrandZ,1411.66,3068.75,2024-04-22,0,3.88
159,Product_159,Furniture,B,BrandY,1279.74,1977.21,2022-02-21,1,5.15
160,Product_160,Technology,B,BrandZ,1886.2,598.22,2022-12-30,0,8.01
161,Product_161,Technology,C,BrandY,1601.44,2954.13,2024-05-22,1,2.08
162,Product_162,Technology,D,BrandZ,1136.3,3446.91,2023-04-28,0,1.53
163,Product_163,Office Supplies,B,BrandZ,468.63,3433.34,2022-11-01,0,1.96
164,Product_164,Technology,A,BrandX,929.2,3221.47,2024-05-18,1,2.57
165,Product_165,Technology,C,BrandZ,1402.1,2551.1,2021-05-13,1,1.07
166,Product_166,Office Supplies,D,BrandY,1684.03,2645.42,2021-02-22,1,9.3
167,Product_167,Technology,A,BrandX,1921.49,3214.64,2023-01-11,1,3.53
168,Product_168,Technology,B,BrandZ,1230.63,3482.27,2022-11-26,0,2.18
169,Product_169,Office Supplies,C,BrandX,1077.49,3308.9,2021-01-23,0,6.56
170,Product_170,Technology,A,BrandZ,84.5,2976.03,2024-02-04,1,7.98
171,Product_171,Furniture,D,BrandY,190.59,863.61,2022-04-05,0,7.66
172,Product_172,Office Supplies,A,BrandY,354.4,1132.02,2022-10-12,1,7.33
173,Product_173,Technology,C,BrandX,156.78,1375.1,2022-04-27,0,0.98
174,Product_174,Furniture,D,BrandZ,831.68,4606.34,2021-04-30,1,7.93
175,Product_175,Office Supplies,D,BrandZ,706.91,3821.04,2022-11-04,0,5.27
176,Product_176,Technology,A,BrandX,1292.84,2809.05,2021-07-27,1,6.67
177,Product_177,Office Supplies,C,BrandX,1094.55,1335.08,2021-11-14,0,9.59
178,Product_178,Furniture,D,BrandY,1212.14,643.37,2021-12-04,0,8.2
179,Product_179,Office Supplies,C,BrandX,970.36,4503.92,2021-06-04,1,8.34
180,Product_180,Technology,B,BrandZ,591.59,4474.06,2023-05-18,0,2.22
181,Product_181,Furniture,A,BrandX,1908.01,642.41,2024-03-24,0,5.03
182,Product_182,Office Supplies,C,BrandY,218.5,4006.36,2022-01-29,1,9.52
183,Product_183,Technology,B,BrandX,1880.84,2288.56,2022-05-20,1,6.04
184,Product_184,Technology,B,BrandZ,656.91,1687.44,2023-08-29,1,1.47
185,Product_185,Furniture,C,BrandX,1049.69,3721.61,2021-11-09,1,7.45
186,Product_186,Furniture,C,BrandX,262.24,3110.21,2024-07-06,0,0.91
187,Product_187,Office Supplies,A,BrandX,188.32,3922.15,2024-03-26,1,7.55
188,Product_188,Technology,A,BrandY,887.61,464.21,2021-01-14,1,8.86
189,Product_189,Furniture,D,BrandY,1496.31,1661.08,2021-03-18,1,4.54
190,Product_190,Technology,A,BrandY,575.26,1664.65,2024-09-24,0,4.43
191,Product_191,Office Supplies,C,BrandY,1146.58,1715.79,2022-02-13,0,3.39
192,Product_192,Furniture,D,BrandZ,593.37,2562.15,2022-01-29,0,8.83
193,Product_193,Office Supplies,B,BrandZ,807.8,1486.77,2021-08-08,0,5.7
194,Product_194,Office Supplies,B,BrandY,1817.57,2277.48,2023-01-14,1,6.0
195,Product_195,Furniture,C,BrandY,1718.89,1902.11,2022-03-09,0,6.79
196,Product_196,Office Supplies,D,BrandY,1056.23,3702.95,2023-03-17,0,3.35
197,Product_197,Technology,D,BrandX,514.31,3057.15,2024-03-09,1,4.61
198,Product_198,Furniture,A,BrandZ,426.71,3302.78,2023-09-15,1,7.55
199,Product_199,Technology,B,BrandX,1910.47,1131.86,2022-10-16,0,9.86
200,Product_200,Office Supplies,B,BrandY,445.3,1694.96,2023-03-28,1,0.83
201,Product_201,Furniture,A,BrandZ,1625.93,203.71,2023-01-25,0,0.91
202,Product_202,Technology,B,BrandY,769.49,631.04,2022-11-07,0,4.57
203,Product_203,Technology,A,BrandX,1972.04,1398.77,2023-04-12,0,6.77
204,Product_204,Technology,B,BrandZ,767.9,420.77,2024-01-25,1,4.17
205,Product_205,Technology,B,BrandX,735.46,3052.9,2021-01-28,1,10.0
206,Product_206,Technology,B,BrandZ,1293.05,4990.84,2023-09-15,0,2.36
207,Product_207,Office Supplies,A,BrandY,1924.96,593.99,2024-06-07,0,0.58
208,Product_208,Office Supplies,B,BrandZ,1953.61,4124.03,2022-02-20,1,2.31
209,Product_209,Office Supplies,B,BrandX,1429.05,682.2,2021-01-25,0,8.93
210,Product_210,Office Supplies,D,BrandX,1521.48,3382.58,2024-11-28,1,1.88
211,Product_211,Office Supplies,B,BrandX,1148.63,3251.47,2022-11-04,1,5.05
212,Product_212,Office Supplies,C,BrandX,1523.76,4523.31,2022-06-26,1,4.48
213,Product_213,Office Supplies,B,BrandY,1726.57,658.33,2021-06-14,1,6.82
214,Product_214,Technology,B,BrandX,997.89,1645.68,2021-07-27,0,1.02
215,Product_215,Office Supplies,D,BrandY,1258.73,544.82,2023-08-07,1,6.76
216,Product_216,Technology,D,BrandZ,1097.77,2096.18,2023-09-12,1,3.87
217,Product_217,Furniture,A,BrandX,1146.82,4566.81,2022-09-06,1,9.3
218,Product_218,Office Supplies,A,BrandZ,1785.59,3929.46,2022-01-08,0,8.56
219,Product_219,Technology,C,BrandZ,743.45,3642.21,2022-09-10,0,4.3
220,Product_220,Furniture,D,BrandY,455.96,2711.83,2021-03-10,0,9.93
221,Product_221,Furniture,A,BrandX,939.75,4429.08,2024-10-08,0,0.99
222,Product_222,Technology,A,BrandY,455.77,2302.26,2021-04-11,0,7.99
223,Product_223,Technology,A,BrandX,1021.88,833.46,2021-01-01,1,4.62
224,Product_224,Technology,D,BrandZ,1811.84,4204.17,2021-12-17,0,4.62
225,Product_225,Office Supplies,D,BrandY,1254.0,1470.23,2021-01-07,0,2.12
226,Product_226,Furniture,C,BrandX,1718.09,362.8,2021-11-14,1,5.39
227,Product_227,Office Supplies,D,BrandZ,374.07,717.59,2022-09-15,0,1.3
228,Product_228,Office Supplies,D,BrandY,1806.7,3084.39,2022-05-24,0,6.36
229,Product_229,Office Supplies,D,BrandY,1223.48,3074.7,2021-07-05,1,2.8
230,Product_230,Furniture,C,BrandY,111.93,1374.9,2022-12-29,0,7.39
231,Product_231,Furniture,B,BrandY,1284.58,3663.18,2022-04-07,0,6.27
232,Product_232,Furniture,B,BrandZ,1905.22,3890.84,2021-12-09,1,7.59
233,Product_233,Technology,A,BrandZ,204.38,4610.46,2022-09-27,0,7.62
234,Product_234,Office Supplies,B,BrandZ,1185.79,2966.19,2022-12-14,0,2.37
235,Product_235,Technology,B,BrandZ,1835.18,3919.17,2023-10-29,1,0.51
236,Product_236,Technology,C,BrandX,68.91,3790.19,2022-07-30,0,3.97
237,Product_237,Office Supplies,C,BrandZ,1280.28,1363.26,2021-05-16,0,9.23
238,Product_238,Furniture,B,BrandY,976.06,1620.11,2022-01-18,0,5.99
239,Product_239,Office Supplies,B,BrandY,726.63,2444.56,2021-07-05,0,7.41
240,Product_240,Technology,B,BrandY,1273.7,193.29,2022-10-01,0,8.86
241,Product_241,Furniture,A,BrandY,152.77,1557.25,2023-07-17,1,9.11
242,Product_242,Furniture,C,BrandX,1518.47,2422.03,2024-10-27,0,5.53
243,Product_243,Technology,B,BrandY,58.73,629.54,2023-08-22,1,5.64
244,Product_244,Furniture,D,BrandY,648.52,718.75,2022-07-15,0,8.58
245,Product_245,Furniture,B,BrandY,1032.72,2369.86,2024-04-04,0,8.17
246,Product_246,Office Supplies,D,BrandZ,785.19,3681.73,2023-06-17,1,7.14
247,Product_247,Office Supplies,A,BrandZ,649.58,4185.37,2022-10-01,1,6.24
248,Product_248,Technology,D,BrandX,1670.13,2776.94,2021-11-17,1,6.36
249,Product_249,Technology,C,BrandX,1872.92,2426.27,2024-03-26,0,3.95
250,Product_250,Technology,A,BrandX,1753.74,1982.97,2023-05-08,0,8.49
251,Product_251,Furniture,A,BrandY,1068.74,1045.45,2023-09-25,1,6.37
252,Product_252,Technology,B,BrandX,1774.12,818.15,2021-10-12,0,2.62
253,Product_253,Office Supplies,A,BrandZ,1845.68,3980.29,2023-11-18,0,2.78
254,Product_254,Furniture,A,BrandZ,848.01,2378.53,2021-12-17,0,8.69
255,Product_255,Technology,D,BrandZ,602.72,3972.57,2021-03-24,0,6.44
256,Product_256,Furniture,B,BrandY,241.62,3550.01,2022-10-28,0,4.29
257,Product_257,Furniture,C,BrandY,984.23,1050.09,2024-10-25,1,2.28
258,Product_258,Furniture,B,BrandX,1895.28,2600.51,2022-06-25,0,6.3
259,Product_259,Technology,C,BrandX,1143.77,2275.68,2024-11-19,1,2.25
260,Product_260,Furniture,D,BrandX,1351.75,2176.98,2022-04-25,0,4.97
261,Product_261,Furniture,A,BrandX,270.12,2758.6,2021-08-01,0,6.94
262,Product_262,Furniture,A,BrandY,329.86,4912.2,2023-07-19,0,5.87
263,Product_263,Office Supplies,B,BrandZ,955.72,4083.21,2021-12-26,0,9.26
264,Product_264,Technology,B,BrandY,1904.97,4528.19,2021-08-02,1,0.88
265,Product_265,Office Supplies,B,BrandX,753.53,245.23,2021-10-31,0,3.16
266,Product_266,Furniture,A,BrandY,1761.09,787.65,2024-03-24,0,1.04
267,Product_267,Furniture,A,BrandZ,284.56,515.34,2024-11-04,1,2.35
268,Product_268,Office Supplies,D,BrandY,1253.18,1389.83,2021-07-19,0,1.68
269,Product_269,Furniture,C,BrandZ,1221.2,2265.27,2021-08-26,0,7.46
270,Product_270,Office Supplies,B,BrandX,1726.76,3246.06,2022-11-02,0,4.01
271,Product_271,Furniture,A,BrandY,56.47,2554.07,2024-04-05,1,9.29
272,Product_272,Furniture,C,BrandX,420.37,4525.6,2024-06-03,0,0.72
273,Product_273,Furniture,B,BrandX,478.39,4705.29,2023-05-29,1,6.7
274,Product_274,Furniture,B,BrandZ,1902.43,901.25,2021-09-08,1,9.72
275,Product_275,Technology,C,BrandZ,349.7,4279.27,2024-07-27,0,2.17
276,Product_276,Technology,C,BrandX,122.08,2460.44,2022-04-21,0,4.7
277,Product_277,Technology,C,BrandZ,1092.2,2321.31,2022-05-13,0,7.17
278,Product_278,Office Supplies,A,BrandZ,1080.69,3946.2,2023-09-05,0,6.51
279,Product_279,Office Supplies,D,BrandX,1695.89,556.39,2023-09-24,1,5.88
280,Product_280,Office Supplies,B,BrandX,1900.28,4424.22,2022-12-02,0,3.6
281,Product_281,Office Supplies,B,BrandZ,1100.16,3387.23,2024-12-05,0,7.42
282,Product_282,Technology,C,BrandX,1863.49,4388.78,2023-02-23,0,6.71
283,Product_283,Office Supplies,A,BrandX,1464.06,4972.94,2022-03-05,1,2.05
284,Product_284,Office Supplies,C,BrandZ,565.89,2638.22,2022-06-23,0,9.66
285,Product_285,Office Supplies,A,BrandY,1860.42,556.98,2023-06-20,0,5.78
286,Product_286,Furniture,D,BrandY,1351.51,915.97,2023-08-26,0,5.49
287,Product_287,Office Supplies,B,BrandX,857.49,1685.73,2021-07-29,0,8.56
288,Product_288,Furniture,B,BrandZ,1376.47,607.41,2022-05-06,0,6.58
289,Product_289,Office Supplies,A,BrandX,832.56,4095.17,2022-04-16,0,1.21
290,Product_290,Office Supplies,D,BrandZ,272.66,1554.65,2022-07-22,0,5.31
291,Product_291,Furniture,D,BrandX,1452.01,4881.84,2022-10-26,1,7.92
292,Product_292,Office Supplies,B,BrandX,1656.97,3542.7,2022-07-04,1,7.15
293,Product_293,Furniture,B,BrandZ,1471.17,949.81,2021-07-17,0,9.72
294,Product_294,Office Supplies,C,BrandX,496.77,2432.61,2022-06-05,0,0.74
295,Product_295,Office Supplies,A,BrandY,1915.44,2387.73,2024-09-10,0,2.98
296,Product_296,Furniture,B,BrandY,99.25,2513.31,2022-11-19,1,5.72
297,Product_297,Technology,D,BrandZ,698.74,2724.89,2022-04-12,0,6.39
298,Product_298,Furniture,D,BrandX,557.18,252.75,2022-08-19,0,3.11
299,Product_299,Technology,B,BrandY,143.85,3462.88,2021-05-19,1,8.35
300,Product_300,Furniture,D,BrandZ,841.17,2487.24,2023-10-12,1,2.06
301,Product_301,Technology,A,BrandZ,1265.07,3975.73,2021-08-30,0,0.51
302,Product_302,Office Supplies,D,BrandZ,1770.98,4095.21,2021-11-12,0,9.55
303,Product_303,Technology,D,BrandY,1979.89,1229.62,2022-10-29,1,4.22
304,Product_304,Office Supplies,B,BrandY,1625.77,337.27,2023-01-03,1,9.6
305,Product_305,Furniture,A,BrandY,963.93,3545.85,2021-05-15,1,3.14
306,Product_306,Technology,A,BrandY,1461.22,4891.04,2024-04-26,1,1.1
307,Product_307,Office Supplies,C,BrandX,1695.07,2288.62,2022-08-02,0,7.84
308,Product_308,Furniture,A,BrandY,957.35,1372.1,2023-12-29,0,8.44
309,Product_309,Technology,C,BrandZ,1580.86,867.69,2022-03-15,1,5.17
310,Product_310,Office Supplies,B,BrandX,991.17,1508.48,2021-03-18,0,1.2
311,Product_311,Technology,D,BrandY,803.67,1706.81,2022-02-04,0,6.71
312,Product_312,Technology,A,BrandX,1075.88,2176.99,2022-01-09,1,2.23
313,Product_313,Office Supplies,C,BrandZ,1367.92,3311.49,2023-11-02,1,8.57
314,Product_314,Office Supplies,A,BrandY,1467.42,1438.5,2023-01-28,1,3.1
315,Product_315,Furniture,B,BrandX,745.64,349.79,2023-01-19,0,8.55
316,Product_316,Office Supplies,C,BrandY,1164.07,1929.07,2023-02-03,0,4.56
317,Product_317,Office Supplies,C,BrandX,1824.25,4292.59,2022-02-21,0,6.17
318,Product_318,Technology,C,BrandX,1953.81,2541.92,2021-07-26,1,8.0
319,Product_319,Office Supplies,B,BrandZ,493.13,4827.44,2021-12-07,0,0.88
320,Product_320,Technology,C,BrandZ,426.02,2567.75,2022-12-22,1,8.3
321,Product_321,Technology,D,BrandY,1369.54,1451.9,2021-11-07,0,1.82
322,Product_322,Office Supplies,B,BrandY,858.63,1047.24,2024-08-24,1,3.9
323,Product_323,Office Supplies,D,BrandX,97.23,3503.17,2024-08-09,0,4.99
324,Product_324,Office Supplies,D,BrandZ,726.38,2728.27,2022-09-17,0,9.01
325,Product_325,Office Supplies,B,BrandZ,1623.15,3059.59,2024-10-31,1,0.71
326,Product_326,Furniture,A,BrandX,1604.98,3800.12,2024-09-25,1,5.81
327,Product_327,Technology,D,BrandZ,1014.64,3656.93,2021-03-24,0,6.6
328,Product_328,Furniture,B,BrandZ,971.53,312.48,2023-10-24,0,3.51
329,Product_329,Furniture,D,BrandX,1180.04,4032.6,2023-05-23,1,3.26
330,Product_330,Technology,C,BrandY,477.82,2710.25,2021-08-24,0,5.16
331,Product_331,Furniture,D,BrandY,1075.79,2019.37,2022-01-24,0,2.28
332,Product_332,Office Supplies,D,BrandY,71.54,2733.85,2022-01-28,1,4.95
333,Product_333,Office Supplies,D,BrandX,977.34,3101.01,2023-01-17,1,7.77
334,Product_334,Office Supplies,C,BrandY,705.3,832.58,2021-01-30,0,8.53
335,Product_335,Office Supplies,D,BrandX,1366.0,2145.34,2023-09-09,1,4.16
336,Product_336,Technology,B,BrandX,1294.79,1744.37,2024-03-17,0,6.36
337,Product_337,Office Supplies,D,BrandZ,792.63,1817.0,2022-08-28,0,0.5
338,Product_338,Technology,B,BrandZ,64.18,547.54,2021-10-10,1,5.73
339,Product_339,Technology,D,BrandY,541.93,883.23,2021-08-26,0,9.76
340,Product_340,Technology,D,BrandX,1285.03,892.98,2023-01-01,0,3.47
341,Product_341,Technology,D,BrandY,191.13,1928.8,2024-09-04,0,6.15
342,Product_342,Furniture,A,BrandY,259.9,4483.01,2024-09-22,0,7.74
343,Product_343,Furniture,A,BrandZ,1311.72,1109.53,2021-01-31,0,6.28
344,Product_344,Office Supplies,C,BrandY,1523.75,2139.34,2023-09-05,1,4.48
345,Product_345,Technology,B,BrandY,677.02,1626.89,2023-07-04,1,1.95
346,Product_346,Office Supplies,C,BrandZ,1004.86,3958.18,2021-07-26,0,4.91
347,Product_347,Office Supplies,B,BrandY,1894.14,345.62,2023-06-22,0,3.3
348,Product_348,Office Supplies,C,BrandY,1893.81,1063.06,2024-06-06,1,7.11
349,Product_349,Office Supplies,C,BrandX,649.63,1132.14,2022-08-06,0,4.7
350,Product_350,Technology,D,BrandY,1629.48,4965.52,2024-09-27,1,8.57
351,Product_351,Technology,D,BrandZ,1208.19,2896.8,2022-04-05,1,2.34
352,Product_352,Furniture,D,BrandZ,1952.19,780.9,2021-05-16,1,4.47
353,Product_353,Technology,D,BrandX,981.35,1433.78,2023-09-05,0,5.8
354,Product_354,Technology,D,BrandZ,1560.68,922.33,2021-10-11,0,1.7
355,Product_355,Office Supplies,C,BrandZ,1547.87,710.56,2023-04-30,0,6.09
356,Product_356,Technology,B,BrandZ,1019.99,4006.19,2021-12-17,0,3.26
357,Product_357,Office Supplies,A,BrandY,1601.48,2529.19,2021-01-17,1,2.68
358,Product_358,Technology,A,BrandX,559.03,3192.93,2024-05-23,0,1.85
359,Product_359,Furniture,B,BrandX,288.39,1723.13,2024-11-19,0,3.82
360,Product_360,Office Supplies,A,BrandX,879.07,2813.11,2024-11-23,0,9.33
361,Product_361,Technology,C,BrandX,1890.08,1362.09,2022-02-18,1,0.79
362,Product_362,Technology,B,BrandZ,1026.45,1609.38,2024-06-21,0,8.6
363,Product_363,Office Supplies,B,BrandY,1288.76,3295.97,2024-01-24,1,4.27
364,Product_364,Furniture,A,BrandZ,1267.12,836.72,2021-01-06,0,5.84
365,Product_365,Furniture,A,BrandZ,308.52,3124.39,2023-02-19,0,5.37
366,Product_366,Technology,C,BrandZ,811.08,4275.95,2021-03-28,0,9.29
367,Product_367,Technology,D,BrandZ,1428.53,690.07,2021-07-08,0,7.82
368,Product_368,Technology,B,BrandX,1945.38,4497.56,2022-02-24,0,9.86
369,Product_369,Office Supplies,D,BrandX,377.63,489.28,2023-12-27,1,8.05
370,Product_370,Office Supplies,A,BrandY,850.36,1809.66,2021-09-05,0,3.31
371,Product_371,Office Supplies,B,BrandZ,235.43,3091.5,2023-05-10,1,9.65
372,Product_372,Technology,D,BrandX,522.63,2841.13,2021-07-26,0,9.84
373,Product_373,Furniture,C,BrandY,784.68,572.32,2024-05-13,0,1.67
374,Product_374,Office Supplies,C,BrandZ,1104.25,4014.67,2024-09-04,1,9.06
375,Product_375,Furniture,C,BrandZ,499.61,4868.45,2024-01-12,0,6.81
376,Product_376,Technology,B,BrandX,493.75,988.02,2022-02-28,1,9.26
377,Product_377,Office Supplies,B,BrandZ,1566.77,4486.14,2024-01-11,1,9.2
378,Product_378,Office Supplies,B,BrandZ,1927.15,2828.37,2022-07-03,0,8.97
379,Product_379,Office Supplies,B,BrandX,681.05,4686.08,2022-05-02,0,8.91
380,Product_380,Technology,B,BrandY,1391.58,962.82,2021-05-13,0,1.62
381,Product_381,Technology,D,BrandY,553.26,3980.9,2021-04-25,0,1.86
382,Product_382,Technology,D,BrandX,1859.51,392.93,2022-01-12,0,1.62
383,Product_383,Furniture,C,BrandX,1362.16,4427.66,2023-09-04,1,1.36
384,Product_384,Furniture,D,BrandY,1615.22,3403.38,2021-07-30,1,3.86
385,Product_385,Office Supplies,D,BrandY,146.24,1914.25,2021-05-12,0,7.0
386,Product_386,Office Supplies,C,BrandX,1217.09,1033.29,2024-10-29,0,3.87
387,Product_387,Technology,C,BrandX,1078.84,4101.01,2021-06-03,1,7.34
388,Product_388,Technology,A,BrandX,621.34,3055.88,2023-07-09,1,8.29
389,Product_389,Technology,C,BrandZ,561.74,1866.04,2024-12-17,1,6.83
390,Product_390,Office Supplies,D,BrandX,1181.05,2274.8,2023-08-10,0,4.92
391,Product_391,Technology,B,BrandZ,1427.65,4150.06,2023-03-17,0,3.31
392,Product_392,Furniture,C,BrandY,114.69,1760.74,2024-10-21,1,1.68
393,Product_393,Furniture,A,BrandY,1156.43,539.2,2021-05-27,1,5.19
394,Product_394,Office Supplies,D,BrandX,382.4,4565.28,2024-02-25,0,7.34
395,Product_395,Office Supplies,A,BrandX,323.71,1997.98,2024-08-24,1,5.71
396,Product_396,Furniture,A,BrandY,1265.08,1807.1,2022-12-16,0,7.35
397,Product_397,Technology,D,BrandY,656.2,1101.56,2024-02-16,1,3.68
398,Product_398,Office Supplies,A,BrandY,909.72,4497.37,2021-08-19,0,1.13
399,Product_399,Office Supplies,D,BrandY,752.0,1165.78,2022-03-27,1,7.83
400,Product_400,Office Supplies,A,BrandX,1314.26,3219.7,2024-03-14,1,2.59
401,Product_401,Furniture,B,BrandZ,966.73,4415.75,2023-06-26,1,6.35
402,Product_402,Office Supplies,C,BrandY,1928.74,271.08,2023-12-09,1,8.14
403,Product_403,Furniture,B,BrandY,737.15,4161.08,2021-04-17,0,1.82
404,Product_404,Furniture,B,BrandZ,1493.55,2111.94,2021-04-03,1,6.19
405,Product_405,Technology,A,BrandX,551.72,3324.08,2023-04-09,0,7.05
406,Product_406,Technology,C,BrandZ,1042.07,1924.78,2021-05-20,1,7.59
407,Product_407,Technology,C,BrandX,1127.51,3508.03,2024-08-30,1,1.9
408,Product_408,Office Supplies,C,BrandX,691.76,1346.05,2021-01-11,0,8.34
409,Product_409,Furniture,A,BrandX,969.97,207.46,2022-03-24,1,1.39
410,Product_410,Office Supplies,B,BrandX,594.59,4744.16,2023-07-16,1,5.44
411,Product_411,Furniture,D,BrandX,61.7,180.2,2022-01-30,0,4.71
412,Product_412,Office Supplies,D,BrandY,470.51,4138.09,2022-01-13,1,2.61
413,Product_413,Furniture,D,BrandX,1415.13,928.77,2021-12-27,1,3.37
414,Product_414,Technology,C,BrandY,1553.38,2021.88,2022-11-14,1,2.06
415,Product_415,Technology,D,BrandX,596.4,4130.21,2023-10-14,0,4.54
416,Product_416,Office Supplies,B,BrandY,845.68,1109.07,2022-10-04,1,0.84
417,Product_417,Furniture,D,BrandZ,122.86,4341.97,2022-07-27,0,8.94
418,Product_418,Technology,C,BrandZ,512.27,2539.02,2023-09-24,0,2.05
419,Product_419,Furniture,C,BrandY,1569.48,1894.15,2023-07-12,0,8.92
420,Product_420,Office Supplies,D,BrandX,1231.67,3345.94,2022-01-31,0,8.7
421,Product_421,Technology,C,BrandY,451.25,1772.81,2021-07-05,1,4.79
422,Product_422,Office Supplies,D,BrandY,552.01,1801.71,2024-05-29,1,5.23
423,Product_423,Office Supplies,C,BrandX,1642.76,3694.28,2024-08-16,0,3.37
424,Product_424,Furniture,A,BrandZ,457.71,1618.18,2024-04-13,1,9.97
425,Product_425,Office Supplies,A,BrandY,701.61,1083.79,2022-01-06,1,6.87
426,Product_426,Office Supplies,B,BrandZ,1345.5,4057.47,2024-05-12,1,9.54
427,Product_427,Furniture,A,BrandZ,1144.17,4046.32,2022-08-31,1,4.44
428,Product_428,Furniture,D,BrandZ,948.7,2538.17,2021-10-09,1,8.89
429,Product_429,Office Supplies,C,BrandY,1804.5,2680.61,2024-12-10,1,4.76
430,Product_430,Technology,B,BrandY,478.44,3510.78,2023-11-23,0,8.73
431,Product_431,Technology,D,BrandX,1495.77,2595.44,2021-03-23,1,1.74
432,Product_432,Furniture,D,BrandX,360.17,2143.5,2021-05-28,0,6.55
433,Product_433,Office Supplies,B,BrandY,1250.68,4974.98,2023-08-23,1,6.95
434,Product_434,Technology,B,BrandX,1747.72,823.44,2023-09-19,0,6.73
435,Product_435,Furniture,D,BrandZ,942.91,3004.37,2023-08-06,1,4.75
436,Product_436,Furniture,C,BrandZ,1462.37,4440.73,2022-05-10,0,7.0
437,Product_437,Furniture,D,BrandY,1649.77,3467.35,2024-04-08,0,2.77
438,Product_438,Office Supplies,C,BrandZ,315.25,4416.52,2022-12-24,1,6.16
439,Product_439,Furniture,B,BrandY,1426.36,1748.04,2022-12-04,1,5.77
440,Product_440,Technology,D,BrandY,1843.69,1432.77,2023-10-28,0,3.52
441,Product_441,Office Supplies,A,BrandY,1173.92,4271.23,2024-11-04,1,7.9
442,Product_442,Technology,D,BrandZ,412.94,2031.16,2023-04-06,1,1.27
443,Product_443,Technology,C,BrandY,297.54,3577.44,2022-03-10,1,2.13
444,Product_444,Technology,D,BrandY,556.48,823.97,2023-11-24,1,4.98
445,Product_445,Office Supplies,C,BrandX,251.85,3803.61,2022-07-17,0,8.97
446,Product_446,Technology,A,BrandZ,1051.12,2790.01,2021-05-18,1,5.96
447,Product_447,Furniture,B,BrandY,185.92,1416.2,2022-01-02,1,8.5
448,Product_448,Furniture,A,BrandX,485.64,2523.07,2021-04-16,1,5.42
449,Product_449,Technology,C,BrandY,907.83,3515.02,2023-03-05,1,7.96
450,Product_450,Furniture,B,BrandZ,974.13,158.24,2023-11-22,0,3.6
451,Product_451,Office Supplies,B,BrandX,1152.53,3223.59,2022-09-28,1,8.24
452,Product_452,Office Supplies,D,BrandX,1425.95,2753.79,2023-09-14,1,4.32
453,Product_453,Furniture,A,BrandY,142.1,1179.4,2023-08-16,1,5.81
454,Product_454,Furniture,C,BrandY,207.21,3789.61,2024-04-06,0,2.17
455,Product_455,Office Supplies,C,BrandZ,168.68,1586.96,2023-05-05,1,9.24
456,Product_456,Technology,B,BrandZ,875.14,1456.62,2021-03-19,0,7.16
457,Product_457,Office Supplies,D,BrandY,131.6,2408.97,2021-07-28,1,8.66
458,Product_458,Technology,C,BrandX,1504.86,3413.13,2024-12-05,1,2.47
459,Product_459,Furniture,D,BrandZ,484.85,4651.35,2021-01-08,0,1.14
460,Product_460,Furniture,B,BrandZ,1881.46,792.65,2023-01-07,0,3.7
461,Product_461,Technology,B,BrandX,998.49,2042.69,2021-08-15,1,5.41
462,Product_462,Technology,B,BrandY,920.34,428.25,2021-06-24,1,8.12
463,Product_463,Office Supplies,D,BrandZ,1572.05,3816.9,2021-03-22,1,4.28
464,Product_464,Technology,C,BrandX,1440.65,2293.89,2023-12-17,1,3.06
465,Product_465,Furniture,A,BrandZ,1234.25,3563.95,2024-03-04,1,4.04
466,Product_466,Furniture,D,BrandX,1873.54,1678.75,2021-08-26,0,7.18
467,Product_467,Furniture,B,BrandZ,873.41,4237.15,2024-05-25,1,3.69
468,Product_468,Technology,A,BrandY,1626.64,2720.66,2023-11-16,0,9.8
469,Product_469,Technology,A,BrandX,791.18,4723.68,2021-07-06,0,2.16
470,Product_470,Furniture,A,BrandZ,1684.77,486.19,2022-09-22,1,7.65
471,Product_471,Technology,A,BrandZ,555.98,2619.96,2024-02-14,1,6.1
472,Product_472,Office Supplies,A,BrandX,614.07,3855.63,2023-10-11,0,2.71
473,Product_473,Office Supplies,B,BrandX,1371.85,3040.75,2023-03-26,0,7.66
474,Product_474,Technology,C,BrandY,464.79,213.65,2022-09-06,1,4.75
475,Product_475,Technology,A,BrandX,496.85,4864.46,2023-06-11,0,6.98
476,Product_476,Furniture,C,BrandZ,645.26,1561.49,2024-04-01,0,6.79
477,Product_477,Technology,C,BrandY,1373.91,1321.46,2024-12-08,0,1.55
478,Product_478,Furniture,D,BrandX,1784.31,2479.73,2021-06-27,1,8.48
479,Product_479,Office Supplies,B,BrandZ,1365.41,2756.57,2023-09-12,1,6.97
480,Product_480,Technology,A,BrandX,1664.24,3854.81,2021-10-07,0,7.92
481,Product_481,Office Supplies,C,BrandZ,1109.94,2027.04,2023-03-09,0,4.75
482,Product_482,Technology,D,BrandZ,184.4,2255.81,2024-05-20,1,2.35
483,Product_483,Technology,C,BrandY,245.91,2721.3,2023-12-14,1,3.6
484,Product_484,Furniture,A,BrandY,1131.06,2032.5,2021-03-08,0,9.06
485,Product_485,Furniture,B,BrandX,689.21,4581.29,2022-06-28,1,9.41
486,Product_486,Technology,B,BrandY,480.11,4271.13,2022-06-04,1,5.08
487,Product_487,Technology,A,BrandX,959.2,2329.37,2022-05-14,1,3.34
488,Product_488,Furniture,C,BrandY,1349.67,100.95,2023-08-04,1,7.44
489,Product_489,Office Supplies,D,BrandY,800.73,4514.58,2024-12-25,1,7.78
490,Product_490,Technology,B,BrandX,1614.96,709.25,2022-12-28,0,8.25
491,Product_491,Furniture,B,BrandY,1490.12,1298.11,2023-12-06,0,0.8
492,Product_492,Technology,C,BrandY,1483.08,846.57,2023-11-25,1,0.59
493,Product_493,Furniture,C,BrandY,1971.12,981.1,2021-07-08,1,3.89
494,Product_494,Office Supplies,C,BrandY,625.7,4034.1,2024-01-18,1,1.95
495,Product_495,Technology,D,BrandX,1307.21,2939.56,2024-09-20,1,8.15
496,Product_496,Technology,C,BrandZ,1718.18,4784.87,2023-08-05,0,5.56
497,Product_497,Office Supplies,D,BrandX,1180.07,1234.12,2021-05-16,0,8.34
498,Product_498,Technology,A,BrandX,1589.53,2479.61,2022-06-30,1,2.18
499,Product_499,Technology,D,BrandX,858.18,4889.4,2023-03-04,1,6.46
500,Product_500,Technology,C,BrandY,1201.46,4149.57,2024-02-11,1,6.01
501,Product_501,Furniture,D,BrandY,158.55,3670.22,2024-04-10,1,3.73
502,Product_502,Furniture,D,BrandZ,1972.25,1025.98,2024-09-24,1,5.41
503,Product_503,Technology,D,BrandY,1610.04,3870.09,2022-07-09,0,6.1
504,Product_504,Office Supplies,B,BrandZ,1744.18,1803.07,2023-06-13,0,8.95
505,Product_505,Office Supplies,C,BrandZ,1403.87,2699.63,2023-08-04,1,1.03
506,Product_506,Technology,D,BrandY,412.8,3084.89,2022-06-09,1,8.32
507,Product_507,Furniture,C,BrandZ,110.51,3085.88,2021-06-23,0,9.81
508,Product_508,Furniture,A,BrandX,1736.08,3659.97,2022-09-29,0,7.45
509,Product_509,Technology,D,BrandX,822.84,3342.34,2024-09-17,0,7.5
510,Product_510,Furniture,D,BrandX,564.54,435.02,2021-07-26,1,2.57
511,Product_511,Furniture,A,BrandZ,1145.26,2341.0,2024-09-28,0,5.47
512,Product_512,Office Supplies,C,BrandZ,870.75,3353.71,2023-08-07,1,7.21
513,Product_513,Technology,A,BrandX,1320.75,1550.37,2021-04-14,1,6.22
514,Product_514,Furniture,A,BrandY,993.4,1633.98,2023-11-30,0,4.16
515,Product_515,Furniture,A,BrandX,1409.6,710.38,2023-11-13,1,9.43
516,Product_516,Furniture,A,BrandY,1714.18,2151.21,2024-06-29,0,5.38
517,Product_517,Technology,C,BrandY,431.34,4935.47,2021-10-17,1,9.71
518,Product_518,Technology,D,BrandZ,692.39,1498.06,2024-05-10,0,5.86
519,Product_519,Furniture,A,BrandZ,901.79,2704.04,2024-03-24,0,8.04
520,Product_520,Office Supplies,A,BrandY,1926.01,3741.86,2022-07-21,0,7.55
521,Product_521,Office Supplies,B,BrandY,762.4,166.14,2024-02-04,0,6.78
522,Product_522,Technology,C,BrandY,793.14,4512.15,2024-07-07,1,0.64
523,Product_523,Office Supplies,A,BrandZ,1324.27,1994.1,2023-08-22,0,1.24
524,Product_524,Furniture,B,BrandX,867.44,4358.67,2024-05-08,0,6.02
525,Product_525,Technology,A,BrandY,1904.89,290.84,2023-04-18,0,9.16
526,Product_526,Technology,C,BrandZ,1794.21,813.75,2024-05-25,0,6.21
527,Product_527,Office Supplies,B,BrandX,1051.15,1680.39,2022-02-15,1,2.74
528,Product_528,Technology,B,BrandZ,1307.31,1792.76,2023-06-01,0,3.54
529,Product_529,Office Supplies,C,BrandX,163.16,4254.19,2024-02-15,1,6.42
530,Product_530,Office Supplies,B,BrandZ,1406.67,154.89,2023-06-05,1,6.17
531,Product_531,Furniture,B,BrandX,1429.04,3241.45,2022-02-28,1,9.58
532,Product_532,Office Supplies,A,BrandY,750.44,743.43,2024-05-20,0,5.53
533,Product_533,Office Supplies,B,BrandZ,478.38,4133.76,2021-06-04,1,3.87
534,Product_534,Technology,D,BrandX,1834.4,3915.01,2024-07-10,0,5.49
535,Product_535,Furniture,C,BrandX,882.07,2549.61,2021-05-31,0,7.97
536,Product_536,Furniture,A,BrandX,1324.73,1142.17,2021-07-31,0,5.63
537,Product_537,Office Supplies,B,BrandY,114.99,3209.03,2024-04-30,1,3.6
538,Product_538,Technology,D,BrandZ,857.43,865.67,2023-05-31,0,3.72
539,Product_539,Technology,A,BrandX,1643.65,1031.12,2023-01-25,1,7.69
540,Product_540,Technology,C,BrandY,805.77,3170.78,2024-01-27,1,1.13
541,Product_541,Furniture,B,BrandY,1226.16,4957.02,2022-06-25,1,3.11
542,Product_542,Furniture,C,BrandY,459.22,4466.2,2022-12-02,1,1.95
543,Product_543,Office Supplies,C,BrandY,862.23,3006.23,2021-06-21,0,9.47
544,Product_544,Office Supplies,B,BrandY,1858.89,2738.83,2022-01-06,0,1.36
545,Product_545,Technology,B,BrandY,1154.58,4992.09,2024-03-24,0,7.7
546,Product_546,Office Supplies,A,BrandY,1808.77,2782.25,2024-03-09,0,6.49
547,Product_547,Technology,C,BrandZ,1808.94,2158.57,2023-07-02,0,6.51
548,Product_548,Furniture,B,BrandZ,1891.09,4556.82,2023-03-13,1,7.75
549,Product_549,Office Supplies,C,BrandY,1796.01,1247.5,2021-09-13,1,4.3
550,Product_550,Technology,B,BrandX,56.4,577.88,2023-09-17,1,4.31
551,Product_551,Furniture,C,BrandX,1871.33,3207.04,2022-11-07,0,3.24
552,Product_552,Technology,A,BrandX,318.05,569.66,2023-05-14,1,6.18
553,Product_553,Office Supplies,C,BrandY,127.86,1928.43,2022-02-20,0,9.33
554,Product_554,Technology,B,BrandX,158.01,2175.53,2021-11-25,1,9.28
555,Product_555,Furniture,D,BrandZ,730.39,2782.94,2024-11-02,1,7.18
556,Product_556,Office Supplies,A,BrandZ,1260.57,4959.13,2023-07-07,1,9.11
557,Product_557,Furniture,A,BrandZ,834.51,1182.81,2024-07-13,0,9.65
558,Product_558,Office Supplies,D,BrandZ,99.83,1941.21,2024-03-08,0,8.05
559,Product_559,Technology,B,BrandY,979.14,747.98,2023-08-20,0,4.37
560,Product_560,Furniture,A,BrandZ,912.15,3077.31,2023-04-04,0,5.09
561,Product_561,Furniture,D,BrandX,1525.86,3665.6,2021-09-06,1,9.35
562,Product_562,Technology,D,BrandX,595.25,2462.18,2023-01-15,0,6.87
563,Product_563,Furniture,C,BrandZ,474.19,1304.57,2021-11-04,0,8.3
564,Product_564,Furniture,C,BrandZ,549.08,3142.35,2022-07-27,1,1.6
565,Product_565,Furniture,B,BrandZ,642.29,2741.87,2024-05-27,1,2.34
566,Product_566,Furniture,D,BrandX,1218.37,938.81,2023-03-09,1,3.77
567,Product_567,Technology,C,BrandX,969.47,2087.84,2023-09-28,0,2.29
568,Product_568,Furniture,B,BrandZ,706.94,2232.47,2023-01-31,1,9.11
569,Product_569,Furniture,A,BrandX,779.91,4914.83,2021-10-20,1,2.56
570,Product_570,Furniture,C,BrandX,773.3,4261.5,2022-02-14,0,5.79
571,Product_571,Office Supplies,B,BrandY,1946.19,3698.42,2021-07-17,1,1.31
572,Product_572,Office Supplies,C,BrandZ,504.34,4455.01,2021-03-21,0,1.97
573,Product_573,Technology,A,BrandZ,1645.22,3703.87,2024-11-09,0,2.85
574,Product_574,Technology,A,BrandY,1431.01,4526.67,2021-05-17,0,9.84
575,Product_575,Technology,C,BrandY,60.86,367.31,2021-08-01,1,8.07
576,Product_576,Furniture,A,BrandX,1986.69,2334.72,2022-09-11,1,6.9
577,Product_577,Office Supplies,B,BrandY,1525.06,3759.8,2023-08-18,1,9.2
578,Product_578,Office Supplies,C,BrandZ,1380.78,2958.15,2024-05-15,0,9.58
579,Product_579,Technology,C,BrandZ,840.38,958.31,2024-03-02,1,4.81
580,Product_580,Office Supplies,A,BrandZ,1132.65,1768.41,2021-06-15,0,3.61
581,Product_581,Technology,B,BrandX,543.88,1657.09,2022-03-06,1,3.5
582,Product_582,Furniture,C,BrandX,119.19,1380.6,2024-04-18,0,0.84
583,Product_583,Office Supplies,C,BrandZ,1680.24,1781.36,2021-05-01,0,3.16
584,Product_584,Furniture,A,BrandZ,1798.14,2622.78,2024-04-12,0,3.87
585,Product_585,Furniture,A,BrandX,366.82,4288.86,2021-11-27,0,0.85
586,Product_586,Office Supplies,B,BrandX,1584.76,3735.96,2023-12-28,0,8.88
587,Product_587,Technology,B,BrandY,1495.25,4192.72,2024-03-07,0,8.55
588,Product_588,Office Supplies,A,BrandX,397.83,4429.66,2024-08-24,0,2.89
589,Product_589,Furniture,B,BrandX,872.57,2139.14,2024-09-15,0,8.12
590,Product_590,Technology,D,BrandZ,874.38,1795.53,2024-06-15,0,8.06
591,Product_591,Furniture,D,BrandZ,1531.93,382.35,2024-01-05,0,3.68
592,Product_592,Technology,A,BrandZ,1683.44,4659.41,2024-03-20,0,7.12
593,Product_593,Office Supplies,C,BrandY,234.81,422.53,2022-09-12,0,3.25
594,Product_594,Furniture,A,BrandX,1147.79,3731.56,2024-09-01,1,1.17
595,Product_595,Technology,A,BrandY,1535.41,1952.73,2021-02-06,1,5.3
596,Product_596,Technology,A,BrandX,1583.07,4749.03,2023-08-22,0,4.66
597,Product_597,Office Supplies,C,BrandX,338.59,2156.05,2023-04-25,1,1.81
598,Product_598,Technology,D,BrandZ,1074.74,4101.38,2024-02-24,0,5.16
599,Product_599,Technology,B,BrandX,1722.24,1485.01,2023-03-08,1,9.52
